input,instructions
What are the key differences between stocks and bonds?,"Provide a clear comparison between stocks and bonds, highlighting differences in ownership, risk, return, and how they function as investment vehicles. Use simple, easy-to-understand language."
What factors should I consider when creating a personal budget?,"List and explain the essential factors to consider when creating a personal budget, including income, expenses, financial goals, savings, and debt management. Offer practical tips for budget planning."
What is the role of inflation in determining interest rates?,"Explain how inflation impacts interest rates, focusing on the relationship between inflation, central bank policies, and economic conditions. Use real-life examples to clarify the concept."
How do I assess the risk and return of different investment options?,"Outline the steps for assessing the risk and return of various investment options. Discuss key metrics such as volatility, historical performance, and diversification strategies."
"What is the significance of credit scores,  and how can I improve mine?","Explain what credit scores are, why they matter, and how they impact financial decisions like loans and interest rates. Provide actionable steps to improve credit scores."
"How does a mortgage work, and what are the different types of mortgage loans?","Describe the basics of how mortgages work, including the loan process, interest payments, and repayment terms. Discuss various types of mortgage loans such as fixed-rate, adjustable-rate, and FHA loans."
What are the benefits and risks of investing in cryptocurrency?,"Present a balanced overview of cryptocurrency investment, highlighting the potential benefits such as high returns and diversification, as well as the risks like volatility, regulation, and security concerns."
How can I effectively plan for retirement and estimate how much I need to save?,"Provide a step-by-step guide for retirement planning, including determining future expenses, savings goals, investment options, and the importance of compound interest. Suggest tools to estimate retirement savings needs."
"What are exchange-traded funds (ETFs), and how do they differ from mutual funds?","Define ETFs and mutual funds, explaining how they function and the differences between them in terms of cost, liquidity, and management style. Include examples to illustrate."
"How does compound interest work, and why is it important for long-term savings?",Explain the concept of compound interest with a focus on how it accumulates over time. Use simple examples to show its importance for long-term savings and investment growth.
